{
  "params": {
    "optimizer": "AdamW",
    "learning_rate": 2.386190642437214e-05,
    "dropout": 0.07529948354083983,
    "o_weight": 0.0092812638955448,
    "weight_decay": 0.06451407708152346,
    "threshold": 0.5043618326271101
  },
  "best_f1": 0.4087455086922109,
  "trial_number": 2,
  "n_trials_run": 21,
  "unfreeze_layers": 12
}